mean_fit_time,std_fit_time,mean_score_time,std_score_time,param_tol,param_multi_class,param_max_iter,param_loss,param_intercept_scaling,param_fit_intercept,param_dual,param_C,params,split0_test_score,split1_test_score,mean_test_score,std_test_score,rank_test_score
3006.1090066432953,1525.870878458023,0.32092154026031494,0.03524672985076904,0.001,crammer_singer,2000,hinge,10,True,True,1.0,"{'tol': 0.001, 'multi_class': 'crammer_singer', 'max_iter': 2000, 'loss': 'hinge', 'intercept_scaling': 10, 'fit_intercept': True, 'dual': True, 'C': 1}",0.7622674825707066,0.7612126599851432,0.761740071277925,0.0005274112927817209,3
4.879326105117798,0.22798538208007812,0.5061465501785278,0.0030416250228881836,0.001,crammer_singer,1000,squared_hinge,1,False,False,0.01,"{'tol': 0.001, 'multi_class': 'crammer_singer', 'max_iter': 1000, 'loss': 'squared_hinge', 'intercept_scaling': 1, 'fit_intercept': False, 'dual': False, 'C': 0.01}",0.7031144396748562,0.7017913464934179,0.702452893084137,0.0006615465907191531,38
6.492679834365845,0.22529053688049316,0.5023599863052368,0.015195488929748535,0.0001,crammer_singer,5000,squared_hinge,1,False,True,0.01,"{'tol': 0.0001, 'multi_class': 'crammer_singer', 'max_iter': 5000, 'loss': 'squared_hinge', 'intercept_scaling': 1, 'fit_intercept': False, 'dual': True, 'C': 0.01}",0.7031022620026182,0.7018096131129973,0.7024559375578077,0.0006463244448104422,33
233.58310532569885,140.89583706855774,0.5300147533416748,0.0345911979675293,0.0001,crammer_singer,1000,hinge,10,False,False,1.0,"{'tol': 0.0001, 'multi_class': 'crammer_singer', 'max_iter': 1000, 'loss': 'hinge', 'intercept_scaling': 10, 'fit_intercept': False, 'dual': False, 'C': 1}",0.752592321977654,0.7509529086547243,0.7517726153161892,0.0008197066614648585,13
0.8003000020980835,0.030580878257751465,0.0,0.0,0.001,ovr,1000,hinge,1,True,False,0.01,"{'tol': 0.001, 'multi_class': 'ovr', 'max_iter': 1000, 'loss': 'hinge', 'intercept_scaling': 1, 'fit_intercept': True, 'dual': False, 'C': 0.01}",,,,,45
68.43436694145203,6.224978446960449,0.8048124313354492,0.17534494400024414,0.001,crammer_singer,2000,squared_hinge,10,False,False,2.0,"{'tol': 0.001, 'multi_class': 'crammer_singer', 'max_iter': 2000, 'loss': 'squared_hinge', 'intercept_scaling': 10, 'fit_intercept': False, 'dual': False, 'C': 2}",0.7406521143483423,0.737782675937991,0.7392173951431666,0.001434719205175683,23
29.78760600090027,14.742893934249878,0.5191465616226196,0.006992936134338379,0.001,crammer_singer,2000,hinge,1,False,False,0.5,"{'tol': 0.001, 'multi_class': 'crammer_singer', 'max_iter': 2000, 'loss': 'hinge', 'intercept_scaling': 1, 'fit_intercept': False, 'dual': False, 'C': 0.5}",0.7592839528724085,0.7591667985922526,0.7592253757323305,5.857714007795334e-05,7
6.297473311424255,0.3848930597305298,0.5848982334136963,0.04165983200073242,0.0001,crammer_singer,5000,squared_hinge,10,False,True,0.01,"{'tol': 0.0001, 'multi_class': 'crammer_singer', 'max_iter': 5000, 'loss': 'squared_hinge', 'intercept_scaling': 10, 'fit_intercept': False, 'dual': True, 'C': 0.01}",0.7031022620026182,0.7018096131129973,0.7024559375578077,0.0006463244448104422,33
118.48753297328949,0.0933154821395874,0.5348358154296875,0.042784929275512695,0.0001,ovr,1000,hinge,1,False,True,10.0,"{'tol': 0.0001, 'multi_class': 'ovr', 'max_iter': 1000, 'loss': 'hinge', 'intercept_scaling': 1, 'fit_intercept': False, 'dual': True, 'C': 10}",0.7275367613480683,0.7241983998441248,0.7258675805960966,0.001669180751971755,24
5.676919460296631,0.011298656463623047,0.4847602844238281,0.034511566162109375,0.01,ovr,2000,squared_hinge,1,False,False,0.01,"{'tol': 0.01, 'multi_class': 'ovr', 'max_iter': 2000, 'loss': 'squared_hinge', 'intercept_scaling': 1, 'fit_intercept': False, 'dual': False, 'C': 0.01}",0.7222394739245593,0.7200396994532192,0.7211395866888892,0.0010998872356700606,27
34.35625457763672,2.7434215545654297,0.5042401552200317,0.026984333992004395,0.01,crammer_singer,5000,squared_hinge,10,False,False,2.0,"{'tol': 0.01, 'multi_class': 'crammer_singer', 'max_iter': 5000, 'loss': 'squared_hinge', 'intercept_scaling': 10, 'fit_intercept': False, 'dual': False, 'C': 2}",0.7406886473650561,0.7377765870647978,0.739232617214927,0.001456030150129184,21
77.1061840057373,18.158937454223633,0.6111903190612793,0.09807395935058594,0.001,ovr,5000,hinge,1,True,True,2.0,"{'tol': 0.001, 'multi_class': 'ovr', 'max_iter': 5000, 'loss': 'hinge', 'intercept_scaling': 1, 'fit_intercept': True, 'dual': True, 'C': 2}",0.7650135476603647,0.7638552309509602,0.7644343893056624,0.0005791583547022361,2
230.6672158241272,142.16524815559387,0.48475730419158936,0.01892697811126709,0.0001,crammer_singer,5000,squared_hinge,10,False,True,1.0,"{'tol': 0.0001, 'multi_class': 'crammer_singer', 'max_iter': 5000, 'loss': 'squared_hinge', 'intercept_scaling': 10, 'fit_intercept': False, 'dual': True, 'C': 1}",0.752592321977654,0.7509529086547243,0.7517726153161892,0.0008197066614648585,13
113.28655970096588,15.36352527141571,0.4974055290222168,0.02945995330810547,0.001,crammer_singer,5000,squared_hinge,1,True,False,2.0,"{'tol': 0.001, 'multi_class': 'crammer_singer', 'max_iter': 5000, 'loss': 'squared_hinge', 'intercept_scaling': 1, 'fit_intercept': True, 'dual': False, 'C': 2}",0.7506256279112248,0.7498082004944165,0.7502169142028207,0.00040871370840411814,17
1.0424695014953613,0.07450222969055176,0.0,0.0,0.01,ovr,5000,hinge,1,True,False,0.5,"{'tol': 0.01, 'multi_class': 'ovr', 'max_iter': 5000, 'loss': 'hinge', 'intercept_scaling': 1, 'fit_intercept': True, 'dual': False, 'C': 0.5}",,,,,45
5.639050483703613,0.19844555854797363,0.4856919050216675,0.0343247652053833,0.0001,ovr,5000,squared_hinge,1,False,True,0.1,"{'tol': 0.0001, 'multi_class': 'ovr', 'max_iter': 5000, 'loss': 'squared_hinge', 'intercept_scaling': 1, 'fit_intercept': False, 'dual': True, 'C': 0.1}",0.7612141139221238,0.7605002618215473,0.7608571878718355,0.0003569260502882532,5
0.7224063873291016,0.025924205780029297,0.0,0.0,0.0001,ovr,5000,hinge,10,False,False,0.5,"{'tol': 0.0001, 'multi_class': 'ovr', 'max_iter': 5000, 'loss': 'hinge', 'intercept_scaling': 10, 'fit_intercept': False, 'dual': False, 'C': 0.5}",,,,,45
2.6649959087371826,0.009403705596923828,0.5590505599975586,0.010859251022338867,0.001,crammer_singer,5000,hinge,10,False,True,0.001,"{'tol': 0.001, 'multi_class': 'crammer_singer', 'max_iter': 5000, 'loss': 'hinge', 'intercept_scaling': 10, 'fit_intercept': False, 'dual': True, 'C': 0.001}",0.6776022163363473,0.6759197242958218,0.6767609703160846,0.0008412460202627536,42
356.746151804924,139.89911830425262,0.4223906993865967,0.06842923164367676,0.0001,crammer_singer,5000,squared_hinge,1,True,True,2.0,"{'tol': 0.0001, 'multi_class': 'crammer_singer', 'max_iter': 5000, 'loss': 'squared_hinge', 'intercept_scaling': 1, 'fit_intercept': True, 'dual': True, 'C': 2}",0.7506378055834627,0.7498142893676096,0.7502260474755362,0.0004117581079265409,16
10.316632747650146,0.5306351184844971,0.5024646520614624,0.01366722583770752,0.0001,ovr,5000,squared_hinge,1,True,False,0.01,"{'tol': 0.0001, 'multi_class': 'ovr', 'max_iter': 5000, 'loss': 'squared_hinge', 'intercept_scaling': 1, 'fit_intercept': True, 'dual': False, 'C': 0.01}",0.7261485067129418,0.7247037763191544,0.7254261415160481,0.0007223651968937261,25
336.4610723257065,11.860244393348694,0.5219316482543945,0.002090930938720703,0.0001,crammer_singer,1000,squared_hinge,10,False,True,10.0,"{'tol': 0.0001, 'multi_class': 'crammer_singer', 'max_iter': 1000, 'loss': 'squared_hinge', 'intercept_scaling': 10, 'fit_intercept': False, 'dual': True, 'C': 10}",0.7063415228179134,0.7044095619664625,0.7053755423921879,0.0009659804257254323,32
33.66093337535858,0.23578035831451416,0.4526355266571045,0.008744955062866211,0.01,ovr,2000,squared_hinge,1,False,False,10.0,"{'tol': 0.01, 'multi_class': 'ovr', 'max_iter': 2000, 'loss': 'squared_hinge', 'intercept_scaling': 1, 'fit_intercept': False, 'dual': False, 'C': 10}",0.7081377294730112,0.7064615122325463,0.7072996208527788,0.0008381086202324806,30
7.244161128997803,0.1940443515777588,0.45535945892333984,0.010784149169921875,0.01,crammer_singer,2000,squared_hinge,10,False,True,0.5,"{'tol': 0.01, 'multi_class': 'crammer_singer', 'max_iter': 2000, 'loss': 'squared_hinge', 'intercept_scaling': 10, 'fit_intercept': False, 'dual': True, 'C': 0.5}",0.7592656863640516,0.7591789763386387,0.7592223313513451,4.3355012706414175e-05,8
321.8689168691635,1.5580254793167114,0.8969142436981201,0.04124784469604492,0.0001,ovr,1000,squared_hinge,10,True,True,1.0,"{'tol': 0.0001, 'multi_class': 'ovr', 'max_iter': 1000, 'loss': 'squared_hinge', 'intercept_scaling': 10, 'fit_intercept': True, 'dual': True, 'C': 1}",0.761153225560934,0.7590084878892313,0.7600808567250826,0.0010723688358513783,6
0.9093096256256104,0.11910176277160645,0.0,0.0,0.0001,ovr,5000,hinge,10,False,False,2.0,"{'tol': 0.0001, 'multi_class': 'ovr', 'max_iter': 5000, 'loss': 'hinge', 'intercept_scaling': 10, 'fit_intercept': False, 'dual': False, 'C': 2}",,,,,45
0.8147011995315552,0.018911242485046387,0.0,0.0,0.01,ovr,1000,hinge,1,True,False,1.0,"{'tol': 0.01, 'multi_class': 'ovr', 'max_iter': 1000, 'loss': 'hinge', 'intercept_scaling': 1, 'fit_intercept': True, 'dual': False, 'C': 1}",,,,,45
234.86527597904205,144.07560622692108,0.47175145149230957,0.01938009262084961,0.0001,crammer_singer,2000,squared_hinge,1,False,False,1.0,"{'tol': 0.0001, 'multi_class': 'crammer_singer', 'max_iter': 2000, 'loss': 'squared_hinge', 'intercept_scaling': 1, 'fit_intercept': False, 'dual': False, 'C': 1}",0.752592321977654,0.7509529086547243,0.7517726153161892,0.0008197066614648585,13
233.81459033489227,24.84041178226471,0.5979046821594238,0.00872492790222168,0.001,crammer_singer,1000,hinge,10,False,True,10.0,"{'tol': 0.001, 'multi_class': 'crammer_singer', 'max_iter': 1000, 'loss': 'hinge', 'intercept_scaling': 10, 'fit_intercept': False, 'dual': True, 'C': 10}",0.7063597893262703,0.7044095619664625,0.7053846756463664,0.0009751136799038829,31
4.341973185539246,0.23690664768218994,0.5368294715881348,0.060658931732177734,0.001,crammer_singer,1000,hinge,10,False,False,0.01,"{'tol': 0.001, 'multi_class': 'crammer_singer', 'max_iter': 1000, 'loss': 'hinge', 'intercept_scaling': 10, 'fit_intercept': False, 'dual': False, 'C': 0.01}",0.7031144396748562,0.7017913464934179,0.702452893084137,0.0006615465907191531,38
0.7347267866134644,0.015318751335144043,0.0,0.0,0.001,ovr,5000,hinge,1,False,False,10.0,"{'tol': 0.001, 'multi_class': 'ovr', 'max_iter': 5000, 'loss': 'hinge', 'intercept_scaling': 1, 'fit_intercept': False, 'dual': False, 'C': 10}",,,,,45
8.35463035106659,0.3566936254501343,0.537826418876648,0.005042910575866699,0.001,ovr,1000,hinge,10,False,True,0.5,"{'tol': 0.001, 'multi_class': 'ovr', 'max_iter': 1000, 'loss': 'hinge', 'intercept_scaling': 10, 'fit_intercept': False, 'dual': True, 'C': 0.5}",0.7612141139221238,0.7611883044923706,0.7612012092072472,1.2904714876582624e-05,4
38.3557345867157,0.3328235149383545,0.5834561586380005,0.026592612266540527,0.01,crammer_singer,5000,hinge,10,False,False,2.0,"{'tol': 0.01, 'multi_class': 'crammer_singer', 'max_iter': 5000, 'loss': 'hinge', 'intercept_scaling': 10, 'fit_intercept': False, 'dual': False, 'C': 2}",0.7406886473650561,0.7377765870647978,0.739232617214927,0.001456030150129184,21
2.9895626306533813,0.14144551753997803,0.5605156421661377,0.001535654067993164,0.01,crammer_singer,2000,squared_hinge,1,True,True,0.001,"{'tol': 0.01, 'multi_class': 'crammer_singer', 'max_iter': 2000, 'loss': 'squared_hinge', 'intercept_scaling': 1, 'fit_intercept': True, 'dual': True, 'C': 0.001}",0.678923493774165,0.6770278992169709,0.677975696495568,0.0009477972785970623,40
7.079288959503174,0.6868319511413574,0.6276485919952393,0.07242155075073242,0.0001,crammer_singer,1000,hinge,10,False,False,0.01,"{'tol': 0.0001, 'multi_class': 'crammer_singer', 'max_iter': 1000, 'loss': 'hinge', 'intercept_scaling': 10, 'fit_intercept': False, 'dual': False, 'C': 0.01}",0.7031022620026182,0.7018096131129973,0.7024559375578077,0.0006463244448104422,33
112.47484719753265,9.267209887504578,0.39523518085479736,0.04812180995941162,0.001,crammer_singer,2000,hinge,1,True,True,2.0,"{'tol': 0.001, 'multi_class': 'crammer_singer', 'max_iter': 2000, 'loss': 'hinge', 'intercept_scaling': 1, 'fit_intercept': True, 'dual': True, 'C': 2}",0.7506256279112248,0.7498082004944165,0.7502169142028207,0.00040871370840411814,17
4.459440231323242,0.4451467990875244,0.5101501941680908,0.06101632118225098,0.01,crammer_singer,5000,hinge,1,False,False,0.1,"{'tol': 0.01, 'multi_class': 'crammer_singer', 'max_iter': 5000, 'loss': 'hinge', 'intercept_scaling': 1, 'fit_intercept': False, 'dual': False, 'C': 0.1}",0.7531524949005998,0.7525542823045167,0.7528533886025582,0.00029910629804152933,11
18.334235072135925,0.5555373430252075,0.4922138452529907,0.023205161094665527,0.0001,ovr,1000,squared_hinge,10,True,False,0.1,"{'tol': 0.0001, 'multi_class': 'ovr', 'max_iter': 1000, 'loss': 'squared_hinge', 'intercept_scaling': 10, 'fit_intercept': True, 'dual': False, 'C': 0.1}",0.7688373367430815,0.7685253966900886,0.768681366716585,0.00015597002649647695,1
4.177224159240723,0.08310866355895996,0.48346757888793945,0.020547866821289062,0.01,ovr,1000,squared_hinge,10,True,True,0.001,"{'tol': 0.01, 'multi_class': 'ovr', 'max_iter': 1000, 'loss': 'squared_hinge', 'intercept_scaling': 10, 'fit_intercept': True, 'dual': True, 'C': 0.001}",0.6622766158248851,0.6613673173642486,0.6618219665945668,0.0004546492303182381,44
7.169242739677429,0.2901221513748169,0.5993341207504272,0.021324992179870605,0.0001,crammer_singer,5000,hinge,1,False,False,0.01,"{'tol': 0.0001, 'multi_class': 'crammer_singer', 'max_iter': 5000, 'loss': 'hinge', 'intercept_scaling': 1, 'fit_intercept': False, 'dual': False, 'C': 0.01}",0.7031022620026182,0.7018096131129973,0.7024559375578077,0.0006463244448104422,33
4.516100764274597,0.2844172716140747,0.4388101100921631,0.026639938354492188,0.01,ovr,2000,hinge,1,True,True,0.1,"{'tol': 0.01, 'multi_class': 'ovr', 'max_iter': 2000, 'loss': 'hinge', 'intercept_scaling': 1, 'fit_intercept': True, 'dual': True, 'C': 0.1}",0.7467044174506043,0.7463497205207205,0.7465270689856625,0.0001773484649419399,20
6.151022672653198,0.45142388343811035,0.607237696647644,0.14503967761993408,0.001,crammer_singer,1000,squared_hinge,1,False,True,0.1,"{'tol': 0.001, 'multi_class': 'crammer_singer', 'max_iter': 1000, 'loss': 'squared_hinge', 'intercept_scaling': 1, 'fit_intercept': False, 'dual': True, 'C': 0.1}",0.7531585837367187,0.752523837938551,0.7528412108376349,0.00031737289908384536,12
2.012579083442688,0.2025536298751831,0.6079156398773193,0.11753392219543457,0.01,crammer_singer,5000,squared_hinge,1,False,False,0.001,"{'tol': 0.01, 'multi_class': 'crammer_singer', 'max_iter': 5000, 'loss': 'squared_hinge', 'intercept_scaling': 1, 'fit_intercept': False, 'dual': False, 'C': 0.001}",0.6774560842694919,0.6761937235895126,0.6768249039295022,0.0006311803399896565,41
4.906405925750732,0.00683140754699707,0.7244722843170166,0.013137102127075195,0.0001,crammer_singer,2000,squared_hinge,1,False,True,0.001,"{'tol': 0.0001, 'multi_class': 'crammer_singer', 'max_iter': 2000, 'loss': 'squared_hinge', 'intercept_scaling': 1, 'fit_intercept': False, 'dual': True, 'C': 0.001}",0.6775352391390386,0.6758466578175043,0.6766909484782715,0.000844290660767133,43
6.390193581581116,0.000670313835144043,0.5025864839553833,0.02262699604034424,0.0001,crammer_singer,2000,squared_hinge,10,False,False,0.01,"{'tol': 0.0001, 'multi_class': 'crammer_singer', 'max_iter': 2000, 'loss': 'squared_hinge', 'intercept_scaling': 10, 'fit_intercept': False, 'dual': False, 'C': 0.01}",0.7031022620026182,0.7018096131129973,0.7024559375578077,0.0006463244448104422,33
6.790870189666748,0.0013229846954345703,0.4705464839935303,0.00699925422668457,0.0001,ovr,5000,hinge,1,True,True,0.1,"{'tol': 0.0001, 'multi_class': 'ovr', 'max_iter': 5000, 'loss': 'hinge', 'intercept_scaling': 1, 'fit_intercept': True, 'dual': True, 'C': 0.1}",0.7467044174506043,0.7463558093939135,0.746530113422259,0.0001743040283453956,19
5.2000778913497925,0.04446232318878174,0.5638060569763184,0.007838010787963867,0.001,crammer_singer,2000,hinge,1,True,True,0.01,"{'tol': 0.001, 'multi_class': 'crammer_singer', 'max_iter': 2000, 'loss': 'hinge', 'intercept_scaling': 1, 'fit_intercept': True, 'dual': True, 'C': 0.01}",0.7101226900477974,0.7086474177088788,0.7093850538783382,0.0007376361694592659,29
32.987913370132446,7.960937261581421,0.6039270162582397,0.14618360996246338,0.001,ovr,2000,hinge,10,False,True,2.0,"{'tol': 0.001, 'multi_class': 'ovr', 'max_iter': 2000, 'loss': 'hinge', 'intercept_scaling': 10, 'fit_intercept': False, 'dual': True, 'C': 2}",0.7550400340974822,0.75324232497534,0.7541411795364111,0.000898854561071083,10
4.304328441619873,0.2899205684661865,0.5002385377883911,0.016654610633850098,0.01,ovr,2000,squared_hinge,10,False,True,0.01,"{'tol': 0.01, 'multi_class': 'ovr', 'max_iter': 2000, 'loss': 'squared_hinge', 'intercept_scaling': 10, 'fit_intercept': False, 'dual': True, 'C': 0.01}",0.7222090297439644,0.720076232692378,0.7211426312181712,0.0010663985257932107,26
6344.461838841438,3.131350874900818,0.2644613981246948,0.03180205821990967,0.001,crammer_singer,5000,hinge,10,True,True,10.0,"{'tol': 0.001, 'multi_class': 'crammer_singer', 'max_iter': 5000, 'loss': 'hinge', 'intercept_scaling': 10, 'fit_intercept': True, 'dual': True, 'C': 10}",0.7170030748622401,0.7155521999098847,0.7162776373860624,0.0007254374761777038,28
49.05413889884949,14.425707340240479,0.37193572521209717,0.028862595558166504,0.0001,ovr,5000,hinge,1,False,True,2.0,"{'tol': 0.0001, 'multi_class': 'ovr', 'max_iter': 5000, 'loss': 'hinge', 'intercept_scaling': 1, 'fit_intercept': False, 'dual': True, 'C': 2}",0.7550522117697203,0.75324232497534,0.7541472683725301,0.0009049433971901055,9
