mean_fit_time,std_fit_time,mean_score_time,std_score_time,param_fit_prior,param_binarize,param_alpha,params,split0_test_score,split1_test_score,split2_test_score,mean_test_score,std_test_score,rank_test_score
0.3902800877888997,0.010605615358153204,0.07718904813130696,0.003360450538379681,True,0.3333333333333333,67.23357536499334,"{'fit_prior': True, 'binarize': np.float64(0.3333333333333333), 'alpha': np.float64(67.23357536499334)}",0.3397449070458811,0.3397860068773718,0.33975860698971133,0.33976317363765474,1.7086832010261243e-05,28
0.4122215112050374,0.01268700456379075,0.07632764180501302,0.004242689693300539,True,0.375,2395.026619987491,"{'fit_prior': True, 'binarize': np.float64(0.375), 'alpha': np.float64(2395.026619987491)}",0.3397449070458811,0.33975860698971133,0.33975860698971133,0.339754040341768,6.45821545614624e-06,29
0.38875341415405273,0.0016938876227210176,0.0700983206431071,0.0002491911277368607,True,0.4583333333333333,0.0030391953823131978,"{'fit_prior': True, 'binarize': np.float64(0.4583333333333333), 'alpha': np.float64(0.0030391953823131978)}",0.39347608674804435,0.3947912813557464,0.3945446823668023,0.3942706834901977,0.0005708127260421999,17
0.4043885072072347,0.001799356061070526,0.08089582125345866,0.001508991027678837,False,0.25,0.0030391953823131978,"{'fit_prior': False, 'binarize': np.float64(0.25), 'alpha': np.float64(0.0030391953823131978)}",0.6136889838751661,0.6157165755620402,0.6129217870206732,0.6141091154859598,0.001179009096806887,11
0.3957846959431966,0.004179709876214943,0.07581710815429688,0.0032322771830714373,False,0.0,0.006210169418915616,"{'fit_prior': False, 'binarize': np.float64(0.0), 'alpha': np.float64(0.006210169418915616)}",0.6989026344991985,0.7019166221418492,0.7007932267477703,0.7005374944629393,0.001243671882944865,2
0.42348535855611164,0.021005086359278974,0.09843230247497559,0.01413048893106373,False,0.20833333333333331,1.8873918221350996,"{'fit_prior': False, 'binarize': np.float64(0.20833333333333331), 'alpha': np.float64(1.8873918221350996)}",0.6910799665721371,0.6912717657857603,0.6909840669653254,0.691111933107741,0.00011960782407181385,4
0.4229880174001058,0.018994542167400097,0.07747340202331543,0.0022120844006788317,False,0.25,32.90344562312671,"{'fit_prior': False, 'binarize': np.float64(0.25), 'alpha': np.float64(32.90344562312671)}",0.4246982587371392,0.42257476744345346,0.42538325592865067,0.4242187607030811,0.0011956422726915451,16
0.3869184652964274,0.0077809582656864825,0.07182661692301433,0.0057128211484883595,False,0.8333333333333333,0.22122162910704501,"{'fit_prior': False, 'binarize': np.float64(0.8333333333333333), 'alpha': np.float64(0.22122162910704501)}",0.34166289918211334,0.3425396955872481,0.3414984998561506,0.34190036487517067,0.000457029980160546,26
0.39289172490437824,0.00641396254164617,0.07058993975321452,0.003287116659363019,True,0.4583333333333333,573.6152510448682,"{'fit_prior': True, 'binarize': np.float64(0.4583333333333333), 'alpha': np.float64(573.6152510448682)}",0.3397449070458811,0.33975860698971133,0.33975860698971133,0.339754040341768,6.45821545614624e-06,29
0.41129207611083984,0.00197197130499296,0.08516629536946614,0.0011070825001488992,False,0.16666666666666666,0.0003562247890262444,"{'fit_prior': False, 'binarize': np.float64(0.16666666666666666), 'alpha': np.float64(0.0003562247890262444)}",0.6850930911183264,0.6871617826366911,0.6845587933089474,0.6856045556879883,0.0011225225653564157,6
0.38460810979207355,0.0011973645368847266,0.06986355781555176,0.0044840336220336886,True,0.7916666666666666,1.8873918221350996,"{'fit_prior': True, 'binarize': np.float64(0.7916666666666666), 'alpha': np.float64(1.8873918221350996)}",0.3422108969353226,0.34270409491321085,0.3419916978340389,0.34230222989419073,0.0002979190959918537,25
0.40253353118896484,0.010245672253250468,0.07515605290730794,0.004242022837445841,True,0.6666666666666666,4893.900918477499,"{'fit_prior': True, 'binarize': np.float64(0.6666666666666666), 'alpha': np.float64(4893.900918477499)}",0.3397449070458811,0.33975860698971133,0.33975860698971133,0.339754040341768,6.45821545614624e-06,29
0.4163501262664795,0.004556916167435403,0.08390498161315918,0.002605152563900881,True,0.25,0.22122162910704501,"{'fit_prior': True, 'binarize': np.float64(0.25), 'alpha': np.float64(0.22122162910704501)}",0.6285671228747962,0.6302385160220844,0.6291425205156659,0.6293160531375155,0.0006932887524136643,9
0.3936527570088704,0.004995671719676445,0.07075039545694987,0.003723846149693016,True,0.6666666666666666,2395.026619987491,"{'fit_prior': True, 'binarize': np.float64(0.6666666666666666), 'alpha': np.float64(2395.026619987491)}",0.3397449070458811,0.33975860698971133,0.33975860698971133,0.339754040341768,6.45821545614624e-06,29
0.4001138210296631,0.00887079274699115,0.07634846369425456,0.0027500267740982686,True,0.41666666666666663,2.0433597178569438e-05,"{'fit_prior': True, 'binarize': np.float64(0.41666666666666663), 'alpha': np.float64(2.0433597178569438e-05)}",0.42278026660090695,0.42452015946734617,0.4256846546929158,0.42432836025372295,0.0011934425697704728,14
0.39367151260375977,0.004277613025288559,0.07515621185302734,0.0002565420102049701,True,0.375,573.6152510448682,"{'fit_prior': True, 'binarize': np.float64(0.375), 'alpha': np.float64(573.6152510448682)}",0.3397449070458811,0.33975860698971133,0.33975860698971133,0.339754040341768,6.45821545614624e-06,29
0.38456908861796063,0.0013620662959603189,0.06893833478291829,0.0034572935817274004,False,0.8333333333333333,10000.0,"{'fit_prior': False, 'binarize': np.float64(0.8333333333333333), 'alpha': np.float64(10000.0)}",0.3397449070458811,0.33975860698971133,0.33975860698971133,0.339754040341768,6.45821545614624e-06,29
0.4111812114715576,0.005405963839065663,0.08133784929911296,0.0010847759650617164,False,0.125,0.05298316906283713,"{'fit_prior': False, 'binarize': np.float64(0.125), 'alpha': np.float64(0.05298316906283713)}",0.7127806775992218,0.7149178688367378,0.7136163741728659,0.7137716402029418,0.0008793851077127442,1
0.38826409975687665,0.006692372976263073,0.06788818041483562,0.003920998006095892,False,0.6666666666666666,0.0030391953823131978,"{'fit_prior': False, 'binarize': np.float64(0.6666666666666666), 'alpha': np.float64(0.0030391953823131978)}",0.346759278286959,0.3482388722206239,0.3460331812639568,0.34701044392384656,0.0009178167144354273,21
0.3967891534169515,0.009673435900346862,0.0738215446472168,0.0012994033916582785,False,0.0,2.0433597178569438e-05,"{'fit_prior': False, 'binarize': np.float64(0.0), 'alpha': np.float64(2.0433597178569438e-05)}",0.6821613031386571,0.6854492896579124,0.6842436946008521,0.683951429132474,0.0013581306185847153,7
0.38343079884847003,0.002947183195874268,0.06911317507425944,0.004083053706503524,False,1.0,137.3823795883264,"{'fit_prior': False, 'binarize': np.float64(1.0), 'alpha': np.float64(137.3823795883264)}",0.3397449070458811,0.33975860698971133,0.33975860698971133,0.339754040341768,6.45821545614624e-06,29
0.38743241628011066,0.005135523890420841,0.07558552424112956,0.0032539717890975434,True,0.5833333333333333,67.23357536499334,"{'fit_prior': True, 'binarize': np.float64(0.5833333333333333), 'alpha': np.float64(67.23357536499334)}",0.3397449070458811,0.33975860698971133,0.33975860698971133,0.339754040341768,6.45821545614624e-06,29
0.38956109682718915,0.0012365947805483047,0.07167967160542806,0.0024565753245154864,True,0.8333333333333333,137.3823795883264,"{'fit_prior': True, 'binarize': np.float64(0.8333333333333333), 'alpha': np.float64(137.3823795883264)}",0.3397449070458811,0.33975860698971133,0.33975860698971133,0.339754040341768,6.45821545614624e-06,29
0.3839281400044759,0.00635685963694847,0.07128135363260905,0.003136412434513032,False,1.0,280.72162039411813,"{'fit_prior': False, 'binarize': np.float64(1.0), 'alpha': np.float64(280.72162039411813)}",0.3397449070458811,0.33975860698971133,0.33975860698971133,0.339754040341768,6.45821545614624e-06,29
0.38586584726969403,0.003600149008938034,0.07357033093770345,0.0027815128664523364,False,0.375,4893.900918477499,"{'fit_prior': False, 'binarize': np.float64(0.375), 'alpha': np.float64(4893.900918477499)}",0.3397449070458811,0.33975860698971133,0.33975860698971133,0.339754040341768,6.45821545614624e-06,29
0.3899065653483073,0.0014753551443305072,0.06837272644042969,0.0014902009685518992,True,0.6666666666666666,0.0030391953823131978,"{'fit_prior': True, 'binarize': np.float64(0.6666666666666666), 'alpha': np.float64(0.0030391953823131978)}",0.3465674790733358,0.347471675366131,0.34634827997205214,0.3467958114705063,0.0004862139896229648,22
0.39841310183207196,0.006826833284368116,0.07634369532267253,0.0024645340579376234,True,0.041666666666666664,10000.0,"{'fit_prior': True, 'binarize': np.float64(0.041666666666666664), 'alpha': np.float64(10000.0)}",0.3397449070458811,0.33975860698971133,0.33975860698971133,0.339754040341768,6.45821545614624e-06,29
0.3845505714416504,0.0030528891659282334,0.07169326146443684,0.003271356619682751,True,0.41666666666666663,10000.0,"{'fit_prior': True, 'binarize': np.float64(0.41666666666666663), 'alpha': np.float64(10000.0)}",0.3397449070458811,0.33975860698971133,0.33975860698971133,0.339754040341768,6.45821545614624e-06,29
0.38399656613667804,0.005165593963287525,0.07012701034545898,2.1347007780970405e-05,True,0.7083333333333333,280.72162039411813,"{'fit_prior': True, 'binarize': np.float64(0.7083333333333333), 'alpha': np.float64(280.72162039411813)}",0.3397449070458811,0.33975860698971133,0.33975860698971133,0.339754040341768,6.45821545614624e-06,29
0.39298685391743976,0.006802949790808015,0.07108759880065918,0.0014898023783685213,False,0.625,573.6152510448682,"{'fit_prior': False, 'binarize': np.float64(0.625), 'alpha': np.float64(573.6152510448682)}",0.3397449070458811,0.33975860698971133,0.33975860698971133,0.339754040341768,6.45821545614624e-06,29
0.386216402053833,0.0075508333450470125,0.07087024052937825,0.003941992610173095,False,0.7083333333333333,32.90344562312671,"{'fit_prior': False, 'binarize': np.float64(0.7083333333333333), 'alpha': np.float64(32.90344562312671)}",0.3397449070458811,0.33975860698971133,0.33975860698971133,0.339754040341768,6.45821545614624e-06,29
0.42489004135131836,0.003971810813355885,0.0840904712677002,0.0035163693430737765,True,0.20833333333333331,0.05298316906283713,"{'fit_prior': True, 'binarize': np.float64(0.20833333333333331), 'alpha': np.float64(0.05298316906283713)}",0.679654213417725,0.6819695039250339,0.6793802145411204,0.6803346439612931,0.0011614198700662277,8
0.39186875025431317,0.005064820869155058,0.07027626037597656,0.0023443116912722963,True,0.7083333333333333,573.6152510448682,"{'fit_prior': True, 'binarize': np.float64(0.7083333333333333), 'alpha': np.float64(573.6152510448682)}",0.3397449070458811,0.33975860698971133,0.33975860698971133,0.339754040341768,6.45821545614624e-06,29
0.38596471150716144,0.0017879183138122547,0.06923516591389973,0.00178030882179975,False,0.8333333333333333,16.102620275609393,"{'fit_prior': False, 'binarize': np.float64(0.8333333333333333), 'alpha': np.float64(16.102620275609393)}",0.3403888044059019,0.3406491033386763,0.3404710040688833,0.34050297060448714,0.00010864400014039354,27
0.3869052728017171,0.004519908771640579,0.07072067260742188,0.0008406180866769121,True,0.41666666666666663,0.00017433288221999874,"{'fit_prior': True, 'binarize': np.float64(0.41666666666666663), 'alpha': np.float64(0.00017433288221999874)}",0.42278026660090695,0.42452015946734617,0.4256846546929158,0.42432836025372295,0.0011934425697704728,14
0.3865719636281331,0.0035725947709179897,0.07193175951639812,0.002369056336449138,False,0.7916666666666666,0.0007278953843983154,"{'fit_prior': False, 'binarize': np.float64(0.7916666666666666), 'alpha': np.float64(0.0007278953843983154)}",0.342114997328511,0.3343745290644308,0.3421697971038319,0.33955310783225795,0.0036618765039057775,50
0.3897713820139567,0.004290989745566608,0.07306281725565593,0.0013661423740992885,False,0.4583333333333333,0.0030391953823131978,"{'fit_prior': False, 'binarize': np.float64(0.4583333333333333), 'alpha': np.float64(0.0030391953823131978)}",0.3936678859616676,0.39429808337785816,0.3947775814119162,0.3942478502504807,0.0004544216275591245,18
0.3838871320088704,0.0017681095928174086,0.07001185417175293,0.006224073517236874,True,0.5833333333333333,0.0030391953823131978,"{'fit_prior': True, 'binarize': np.float64(0.5833333333333333), 'alpha': np.float64(0.0030391953823131978)}",0.354787445371474,0.3556505418327785,0.3545956461578508,0.3550112111207011,0.0004588060985795465,20
0.4209739367167155,0.009970904067099093,0.08545525868733723,0.0015151117130556295,False,0.08333333333333333,67.23357536499334,"{'fit_prior': False, 'binarize': np.float64(0.08333333333333333), 'alpha': np.float64(67.23357536499334)}",0.6190456619127862,0.6151822777526612,0.6119490910087269,0.615392343558058,0.0029009682729545347,10
0.41753355662027997,0.014003238806002143,0.07337768872578938,0.0026675224339241413,True,0.5416666666666666,2.0433597178569438e-05,"{'fit_prior': True, 'binarize': np.float64(0.5416666666666666), 'alpha': np.float64(2.0433597178569438e-05)}",0.3628841121751401,0.3634321099283493,0.36311701122025397,0.36314441110791446,0.00022455652556900354,19
0.40528297424316406,0.006969512783743186,0.07418338457743327,0.002090158018208728,False,0.8333333333333333,2395.026619987491,"{'fit_prior': False, 'binarize': np.float64(0.8333333333333333), 'alpha': np.float64(2395.026619987491)}",0.3397449070458811,0.33975860698971133,0.33975860698971133,0.339754040341768,6.45821545614624e-06,29
0.3948365052541097,0.00014078064722940605,0.07354251543680827,0.0011527074575274276,False,0.7916666666666666,0.0030391953823131978,"{'fit_prior': False, 'binarize': np.float64(0.7916666666666666), 'alpha': np.float64(0.0030391953823131978)}",0.342114997328511,0.3432520926664201,0.3421697971038319,0.34251229569958763,0.000523593619737463,24
0.38961299260457355,0.0039107981500474415,0.06832385063171387,0.0023425611769638203,True,0.75,1172.1022975334793,"{'fit_prior': True, 'binarize': np.float64(0.75), 'alpha': np.float64(1172.1022975334793)}",0.3397449070458811,0.33975860698971133,0.33975860698971133,0.339754040341768,6.45821545614624e-06,29
0.3969126542409261,0.003746170193152103,0.07869569460550944,0.002499863497542133,True,0.29166666666666663,1.8873918221350996,"{'fit_prior': True, 'binarize': np.float64(0.29166666666666663), 'alpha': np.float64(1.8873918221350996)}",0.5689175674379735,0.5693833655282013,0.5717534558108311,0.5700181295923353,0.0012417084409968421,12
0.3959781328837077,0.0063927826835014755,0.07103745142618816,0.0017235251360991283,True,0.625,32.90344562312671,"{'fit_prior': True, 'binarize': np.float64(0.625), 'alpha': np.float64(32.90344562312671)}",0.3397449070458811,0.33975860698971133,0.33975860698971133,0.339754040341768,6.45821545614624e-06,29
0.49365663528442383,0.08531353553879678,0.10535828272501628,0.015210260365191507,True,0.08333333333333333,0.0014873521072935117,"{'fit_prior': True, 'binarize': np.float64(0.08333333333333333), 'alpha': np.float64(0.0014873521072935117)}",0.6958064471935665,0.6980806378693848,0.697025742194457,0.696970942419136,0.0009292427271802475,3
0.48245517412821454,0.08016132145674537,0.08815383911132812,0.01313882217041713,False,0.29166666666666663,0.0014873521072935117,"{'fit_prior': False, 'binarize': np.float64(0.29166666666666663), 'alpha': np.float64(0.0014873521072935117)}",0.5530941323140575,0.5560670201252175,0.5533544312468319,0.5541718612287022,0.0013442865061390672,13
0.5049309730529785,0.02288010052168864,0.09562826156616211,0.009762334556422824,False,0.16666666666666666,0.0007278953843983154,"{'fit_prior': False, 'binarize': np.float64(0.16666666666666666), 'alpha': np.float64(0.0007278953843983154)}",0.6869699834230679,0.6889427753346211,0.6861753866809146,0.6873627151462012,0.0011634112614583956,5
0.39980483055114746,0.00804136374905547,0.07079815864562988,0.0004787181866643708,True,0.75,0.22122162910704501,"{'fit_prior': True, 'binarize': np.float64(0.75), 'alpha': np.float64(0.22122162910704501)}",0.3430054936774759,0.34348499171153396,0.34279999452002247,0.3430968266363441,0.00028700937281602807,23
0.4676345984141032,0.04378813885853754,0.08629703521728516,0.00289522071838186,True,1.0,7.880462815669921,"{'fit_prior': True, 'binarize': np.float64(1.0), 'alpha': np.float64(7.880462815669921)}",0.3397449070458811,0.33975860698971133,0.33975860698971133,0.339754040341768,6.45821545614624e-06,29
